Video,Tracker,Nhóm tracker,Conf,IoU,Loại lượt,Số frame,Thời gian vòng lặp (giây),Thời gian toàn lượt (giây),FPS vòng lặp,Số dòng đầu ra,Số ID khác nhau,Kết quả,Thư mục kết quả,Ghi chú,SHA-256 kết quả,Số frame preview
video_1,bytetrack,Chuyển động,0.3,0.5,Cấu hình ban đầu,150,4.7,9.78,32.1,651,9,Thành công,runs/thu_nghiem/video_1_bytetrack_conf030_iou050,"Thử 150 frame đầu; số dòng và số ID chỉ mô tả đầu ra, không đo chất lượng.",ade0f23b05df64b2f3ee9d6f5d668ad08e9c680ee9024ac4c7b2af81ba0f7fca,150
video_1,botsort,Có Re-ID,0.3,0.5,Cấu hình bản nộp,150,7.5,11.83,19.9,847,15,Thành công,runs/thu_nghiem/video_1_botsort_conf030_iou050,"Thử 150 frame đầu; số dòng và số ID chỉ mô tả đầu ra, không đo chất lượng.",5570d182abdf95b41317a9952b69261261de35f41c6d2ef84979588d31467364,150
video_2,deepocsort,Có Re-ID,0.25,0.5,Cấu hình bản nộp,150,8.5,12.72,17.6,1757,27,Thành công,runs/thu_nghiem/video_2_deepocsort_conf025_iou050,"Thử 150 frame đầu; số dòng và số ID chỉ mô tả đầu ra, không đo chất lượng.",4e0bdf039d78cddb6b058dcfdfe283f49e53d7b0e7b7cd3226a05ae9ceffab2e,150
video_2,bytetrack,Chuyển động,0.25,0.5,Đối chiếu tracker,150,4.5,8.55,33.6,1369,15,Thành công,runs/thu_nghiem/video_2_bytetrack_conf025_iou050,"Thử 150 frame đầu; số dòng và số ID chỉ mô tả đầu ra, không đo chất lượng.",0a3d3f20a42179397f13080fc53f4df8370c512a6d1b6c4da2219fd328e269da,150
video_3,bytetrack,Chuyển động,0.25,0.5,Cấu hình bản nộp,150,2.5,6.61,59.2,601,18,Thành công,runs/thu_nghiem/video_3_bytetrack_conf025_iou050,"Thử 150 frame đầu; số dòng và số ID chỉ mô tả đầu ra, không đo chất lượng.",978fba9585fb1e111af9eba4cd77f7f808762829cfa0564afd9353c338722135,150
video_3,botsort,Có Re-ID,0.25,0.5,Đối chiếu tracker,150,4.9,9.05,30.7,785,22,Thành công,runs/thu_nghiem/video_3_botsort_conf025_iou050,"Thử 150 frame đầu; số dòng và số ID chỉ mô tả đầu ra, không đo chất lượng.",1fcc2b3770b80684b6881ae0cc8655a13e8750ffc903ce99fab931c1c189b36f,150
video_4,ocsort,Chuyển động,0.4,0.5,Cấu hình bản nộp,150,4.5,8.64,33.0,876,19,Thành công,runs/thu_nghiem/video_4_ocsort_conf040_iou050,"Thử 150 frame đầu; số dòng và số ID chỉ mô tả đầu ra, không đo chất lượng.",f0fd210f94407324b6726e38fff0de6f4c459e1e41e3bb8d080681bc14257e05,150
video_4,botsort,Có Re-ID,0.4,0.5,Đối chiếu tracker,150,7.5,11.59,20.0,879,16,Thành công,runs/thu_nghiem/video_4_botsort_conf040_iou050,"Thử 150 frame đầu; số dòng và số ID chỉ mô tả đầu ra, không đo chất lượng.",5f7bc6deb264c9c6a1ec40f8ff72fe6f303000079e656281223ff823c16573b7,150
video_5,botsort,Có Re-ID,0.3,0.5,Cấu hình bản nộp,150,7.9,12.22,18.9,906,27,Thành công,runs/thu_nghiem/video_5_botsort_conf030_iou050,"Thử 150 frame đầu; số dòng và số ID chỉ mô tả đầu ra, không đo chất lượng.",400010fdeb72521fe333e2a89840ceef3a12ef441f8e3abae44059d07803cd14,150
video_5,bytetrack,Chuyển động,0.3,0.5,Đối chiếu tracker,150,4.4,8.42,34.0,673,20,Thành công,runs/thu_nghiem/video_5_bytetrack_conf030_iou050,"Thử 150 frame đầu; số dòng và số ID chỉ mô tả đầu ra, không đo chất lượng.",2e78f182014d4e19cd13a52c623ce1a0eb0fba9f787e107ffb92abb6b418d765,150
video_1,botsort,Có Re-ID,0.3,0.5,Đối chiếu đủ frame; được chọn cho bản nộp,600,53.2,58.07,11.3,4583,59,Thành công,runs/thu_nghiem/full_video_1_botsort_conf030_iou050,"Đã xử lý đủ 600 frame của video_1; số dòng và số ID chỉ mô tả đầu ra, không đo chất lượng.",eab6851a4d3647921258c511a9cca0080dc307ea9f2291b1daefe14f80eae4fd,600
video_1,bytetrack,Chuyển động,0.15,0.5,Đối chiếu đủ frame,600,16.0,20.08,37.5,3751,37,Thành công,runs/thu_nghiem/full_video_1_bytetrack_conf015_iou050,"Đã xử lý đủ 600 frame của video_1; số dòng và số ID chỉ mô tả đầu ra, không đo chất lượng.",31a1648ff49996be75964ee61ca89f0c711e05d697b5ea5a7d6efe9ab48e7c1f,600
video_1,bytetrack,Chuyển động,0.15,0.5,Thử ngưỡng conf,150,4.1,8.36,36.5,674,9,Thành công,runs/thu_nghiem/video_1_bytetrack_conf015_iou050,"Thử 150 frame đầu; số dòng và số ID chỉ mô tả đầu ra, không đo chất lượng.",a095bea4e47a413b99cd8f8a9b521c3bc4923bba75d9107411533adf88b928f4,150
video_1,bytetrack,Chuyển động,0.5,0.5,Thử ngưỡng conf,150,4.0,8.03,37.8,560,10,Thành công,runs/thu_nghiem/video_1_bytetrack_conf050_iou050,"Thử 150 frame đầu; số dòng và số ID chỉ mô tả đầu ra, không đo chất lượng.",8204a222df7c7df659760c18580a826be82edd2a67559107c86978e1849c8489,150
video_1,bytetrack,Chuyển động,0.3,0.4,Thử ngưỡng IoU,150,4.2,8.34,36.1,651,9,Thành công,runs/thu_nghiem/video_1_bytetrack_conf030_iou040,"Thử 150 frame đầu; số dòng và số ID chỉ mô tả đầu ra, không đo chất lượng.",9180a5dc09a28dfabfc3f55108febf995828940d15a4e8f4e1b29c2435acc308,150
video_1,bytetrack,Chuyển động,0.3,0.7,Thử ngưỡng IoU,150,4.1,8.17,36.5,642,9,Thành công,runs/thu_nghiem/video_1_bytetrack_conf030_iou070,"Thử 150 frame đầu; số dòng và số ID chỉ mô tả đầu ra, không đo chất lượng.",1efc30b2827468b124af1c2a1efa617ecfc403cb2de6ef97054476b32d4a1bd9,150
video_2,deepocsort,Có Re-ID,0.15,0.5,Thử ngưỡng conf,150,8.9,13.06,16.9,2120,39,Thành công,runs/thu_nghiem/video_2_deepocsort_conf015_iou050,"Thử 150 frame đầu; số dòng và số ID chỉ mô tả đầu ra, không đo chất lượng.",ccd20dc7bbfa449d23defb49c7c749ff4d732a0d06fbd244d010ed5ce6f9d906,150
video_2,deepocsort,Có Re-ID,0.3,0.5,Thử ngưỡng conf,150,14.9,19.35,10.0,1591,25,Thành công,runs/thu_nghiem/video_2_deepocsort_conf030_iou050,"Thử 150 frame đầu; số dòng và số ID chỉ mô tả đầu ra, không đo chất lượng.",f2e618659b36e81687e3baa6cb6297046dfb6c0946437a413b4289f8d2decf93,150
video_2,deepocsort,Có Re-ID,0.5,0.5,Thử ngưỡng conf,150,7.9,12.1,19.1,1125,15,Thành công,runs/thu_nghiem/video_2_deepocsort_conf050_iou050,"Thử 150 frame đầu; số dòng và số ID chỉ mô tả đầu ra, không đo chất lượng.",e3dea3b0563cd9d2d432cad99a236f733c34aaa6fd6d2a1018d1987a92f7c14c,150
video_2,deepocsort,Có Re-ID,0.25,0.4,Thử ngưỡng IoU,150,17.8,22.62,8.4,1755,27,Thành công,runs/thu_nghiem/video_2_deepocsort_conf025_iou040,"Thử 150 frame đầu; số dòng và số ID chỉ mô tả đầu ra, không đo chất lượng.",ab3b876f91d66e14b599d9aae6611fc485dde1af4e70a454257407b784889544,150
video_2,deepocsort,Có Re-ID,0.25,0.7,Thử ngưỡng IoU,150,17.9,22.78,8.4,1764,28,Thành công,runs/thu_nghiem/video_2_deepocsort_conf025_iou070,"Thử 150 frame đầu; số dòng và số ID chỉ mô tả đầu ra, không đo chất lượng.",158a89213cab5f30523fb56126090745578af99934eda9620624e324d2ff76ef,150
video_3,bytetrack,Chuyển động,0.15,0.5,Thử ngưỡng conf,150,4.7,9.38,32.2,597,19,Thành công,runs/thu_nghiem/video_3_bytetrack_conf015_iou050,"Thử 150 frame đầu; số dòng và số ID chỉ mô tả đầu ra, không đo chất lượng.",fe16d00d71cb4729ed77c00bcf6db49a79c0b13bd072afca5e2219ca8980363b,150
video_3,bytetrack,Chuyển động,0.3,0.5,Thử ngưỡng conf,150,4.8,9.51,31.1,593,18,Thành công,runs/thu_nghiem/video_3_bytetrack_conf030_iou050,"Thử 150 frame đầu; số dòng và số ID chỉ mô tả đầu ra, không đo chất lượng.",c61e8dcbb1931f72227e144f1c2573bfbcfb0f83f13971f7499bdeaec7c2aab8,150
video_3,bytetrack,Chuyển động,0.5,0.5,Thử ngưỡng conf,150,2.5,6.55,60.4,553,17,Thành công,runs/thu_nghiem/video_3_bytetrack_conf050_iou050,"Thử 150 frame đầu; số dòng và số ID chỉ mô tả đầu ra, không đo chất lượng.",89c9d7b095f682cc6246171bdc9c002bfbcdb99411e564f10c3c3f6a68317cfd,150
video_3,bytetrack,Chuyển động,0.25,0.4,Thử ngưỡng IoU,150,2.4,6.52,61.3,601,18,Thành công,runs/thu_nghiem/video_3_bytetrack_conf025_iou040,"Thử 150 frame đầu; số dòng và số ID chỉ mô tả đầu ra, không đo chất lượng.",978fba9585fb1e111af9eba4cd77f7f808762829cfa0564afd9353c338722135,150
video_3,bytetrack,Chuyển động,0.25,0.7,Thử ngưỡng IoU,150,2.5,6.52,60.5,601,18,Thành công,runs/thu_nghiem/video_3_bytetrack_conf025_iou070,"Thử 150 frame đầu; số dòng và số ID chỉ mô tả đầu ra, không đo chất lượng.",562cface6090ebc8ea23ffdf9855f14d40c2cbaf1f2a8f4360622e4da6851b63,150
video_4,ocsort,Chuyển động,0.15,0.5,Thử ngưỡng conf,150,4.6,8.6,32.5,1164,36,Thành công,runs/thu_nghiem/video_4_ocsort_conf015_iou050,"Thử 150 frame đầu; số dòng và số ID chỉ mô tả đầu ra, không đo chất lượng.",4ba481f1053f7ea5aa378e0dd9cc0c63bf891271afc7680b8dc02982a6236c44,150
video_4,ocsort,Chuyển động,0.3,0.5,Thử ngưỡng conf,150,4.6,8.63,32.5,984,21,Thành công,runs/thu_nghiem/video_4_ocsort_conf030_iou050,"Thử 150 frame đầu; số dòng và số ID chỉ mô tả đầu ra, không đo chất lượng.",075007fdaa5017f7068dc4110bb156c380dbfa71b968fd8b85727eb5527bfd37,150
video_4,ocsort,Chuyển động,0.5,0.5,Thử ngưỡng conf,150,6.2,10.54,24.3,781,14,Thành công,runs/thu_nghiem/video_4_ocsort_conf050_iou050,"Thử 150 frame đầu; số dòng và số ID chỉ mô tả đầu ra, không đo chất lượng.",459da2a47172f5ef197338b8c1da31f1ea99b8ad47eb933609b5b727ef57c119,150
video_4,ocsort,Chuyển động,0.4,0.4,Thử ngưỡng IoU,150,8.6,13.68,17.5,876,19,Thành công,runs/thu_nghiem/video_4_ocsort_conf040_iou040,"Thử 150 frame đầu; số dòng và số ID chỉ mô tả đầu ra, không đo chất lượng.",f0fd210f94407324b6726e38fff0de6f4c459e1e41e3bb8d080681bc14257e05,150
video_4,ocsort,Chuyển động,0.4,0.7,Thử ngưỡng IoU,150,7.6,12.34,19.8,876,19,Thành công,runs/thu_nghiem/video_4_ocsort_conf040_iou070,"Thử 150 frame đầu; số dòng và số ID chỉ mô tả đầu ra, không đo chất lượng.",35afbf0209be52e2bf65013bbd12e88f20b37aa321ed9b6cd0b49eff4374662c,150
video_5,botsort,Có Re-ID,0.15,0.5,Thử ngưỡng conf,150,7.8,12.02,19.2,994,27,Thành công,runs/thu_nghiem/video_5_botsort_conf015_iou050,"Thử 150 frame đầu; số dòng và số ID chỉ mô tả đầu ra, không đo chất lượng.",577591ae112fbb317a5256ddd974851747d66b231dde1bcf0c60a6410e54add8,150
video_5,botsort,Có Re-ID,0.5,0.5,Thử ngưỡng conf,150,7.5,11.66,20.1,527,17,Thành công,runs/thu_nghiem/video_5_botsort_conf050_iou050,"Thử 150 frame đầu; số dòng và số ID chỉ mô tả đầu ra, không đo chất lượng.",1f20555c24c26ee51287e950b73c683ca7e224b503bdce4ae76060f9e9178a27,150
video_5,botsort,Có Re-ID,0.3,0.4,Thử ngưỡng IoU,150,7.7,11.79,19.5,906,27,Thành công,runs/thu_nghiem/video_5_botsort_conf030_iou040,"Thử 150 frame đầu; số dòng và số ID chỉ mô tả đầu ra, không đo chất lượng.",400010fdeb72521fe333e2a89840ceef3a12ef441f8e3abae44059d07803cd14,150
video_5,botsort,Có Re-ID,0.3,0.7,Thử ngưỡng IoU,150,8.0,12.18,18.6,915,28,Thành công,runs/thu_nghiem/video_5_botsort_conf030_iou070,"Thử 150 frame đầu; số dòng và số ID chỉ mô tả đầu ra, không đo chất lượng.",162eb0cf9fba948ac7de5acd12a3c00dec8a7e25e19fe46d5c48a5ce61e1cc50,150
video_1,botsort,Có Re-ID,0.15,0.5,Thử ngưỡng conf trên tracker được chọn,150,7.4,11.54,20.3,979,15,Thành công,runs/thu_nghiem/video_1_botsort_conf015_iou050,"Thử 150 frame đầu; số dòng và số ID chỉ mô tả đầu ra, không đo chất lượng.",7e8060b232ff1bafb966a7bb62e46b4f0b35257bd305d5134e1cbf9d2bbb6fe5,150
video_1,botsort,Có Re-ID,0.5,0.5,Thử ngưỡng conf trên tracker được chọn,150,6.8,10.92,22.1,560,10,Thành công,runs/thu_nghiem/video_1_botsort_conf050_iou050,"Thử 150 frame đầu; số dòng và số ID chỉ mô tả đầu ra, không đo chất lượng.",c453a2104fd2ba0bd1996029531b38344869eb0c2bc09f688b0ccc88d82915e4,150
video_1,botsort,Có Re-ID,0.3,0.4,Thử ngưỡng IoU trên tracker được chọn,150,9.7,14.13,15.5,784,13,Thành công,runs/thu_nghiem/video_1_botsort_conf030_iou040,"Thử 150 frame đầu; số dòng và số ID chỉ mô tả đầu ra, không đo chất lượng.",c7baf4f1982dcfa1aba97cd4afe88984230c1148ca788269f5eefdc449af12c3,150
video_1,botsort,Có Re-ID,0.3,0.7,Thử ngưỡng IoU trên tracker được chọn,150,14.9,19.94,10.1,905,15,Thành công,runs/thu_nghiem/video_1_botsort_conf030_iou070,"Thử 150 frame đầu; số dòng và số ID chỉ mô tả đầu ra, không đo chất lượng.",c07de1d718a6a258ba36a9ce811ea4893127a63ef1211c782d68abbef39e80c7,150
